deviceId,timestamp,speed,accel_x,accel_y,accel_z,acceleration_magnitude,speed_change,acceleration_change,gps_distance,gps_speed,anomaly_type,true_anomaly
zRYzhAEAHAABAAAKCRtcAAsAtwB1gBAQ,2020-08-18 18:19:35,20.0,1.9,-8.800002,4.0,9.851397626733172,2.0,-0.4000674040809109,16.275532191396,11.718383177805121,normal,0
zRYzhAEAHAABAAAKCRtcAAsAtwB1gBAQ,2020-08-18 18:19:04,18.0,-0.6000001,-9.000002,3.75,9.768445941909286,-1.0,1.5004333531426237,19.289379988539604,13.888353591748515,normal,0
zRYzhAEAHAABAAAKCRtcAAsAtwB1gBAQ,2020-08-18 18:16:20,180.0,1.6999998,-9.000002,4.0,9.994500253639702,150.0,0.17449426484310493,43.76285855275608,31.509258157984377,speed_jump,1
zRYzhAEAHAABAAAKCRtcAAsAtwB1gBAQ,2020-08-18 18:28:02,41.0,0.4999998,-8.000004,4.0,8.958239994553397,5.0,0.9768518746825157,74.48651672120121,38.307351456617766,normal,0
zRYzhAEAHAABAAAKCRtcAAsAtwB1gBAQ,2020-08-18 18:37:25,250.0,2.0,-8.600001,4.5,9.910096730103144,200.0,0.0,0.0,250.0,extreme_speed,1
zRYzhAEAHAABAAAKCRtcAAsAtwB1gBAQ,2020-08-18 18:37:02,250.0,0.20000008,-8.800001,4.0,9.668506484044007,200.0,-0.12026353981501714,124.42722911944736,250.0,extreme_speed,1
zRYzhAEAHAABAAAKCRtcAAsAtwB1gBAQ,2020-08-18 18:35:22,75.0,0.59999996,-10.8,3.0,11.224972158183734,2.0,5.270981899542055,126.097751413309,90.79038101758248,normal,0
zRYzhAEAHAABAAAKCRtcAAsAtwB1gBAQ,2020-08-18 18:38:48,180.0,1.0999999,-8.400001,4.25,9.478001718716925,150.0,0.20748395971338063,0.0,0.0,speed_jump,1
zRYzhAEAHAABAAAKCRtcAAsAtwB1gBAQ,2020-08-18 18:35:02,100.0,1.5,-8.0,2.0,8.381527307120106,1.0,0.03272499780651117,2.0,2.0,gps_speed_mismatch,1
zRYzhAEAHAABAAAKCRtcAAsAtwB1gBAQ,2020-08-18 18:20:36,1.0,0.50000024,-8.4000025,3.75,9.212629496512182,-13.0,0.5753537702195448,13.40484070447511,9.65148530722208,normal,0
zRYzhAEAHAABAAAKCRtcAAsAtwB1gBAQ,2020-08-18 18:39:25,250.0,-0.30000034,-8.400001,5.0,9.780082668566822,200.0,0.0,0.0,250.0,extreme_speed,1
zRYzhAEAHAABAAAKCRtcAAsAtwB1gBAQ,2020-08-18 22:19:16,16.0,0.2000001,-5.800001,5.75,8.169609026140787,0.0,1.1261714279219843,22.3043815261586,16.059154698834192,normal,0
zRYzhAEAHAABAAAKCRtcAAsAtwB1gBAQ,2020-08-18 18:18:49,19.0,-1.0999999,-9.200002,3.0,9.739098345329715,1.0,0.043736738870469694,5000.0,300.0,gps_jump,1
zRYzhAEAHAABAAAKCRtcAAsAtwB1gBAQ,2020-08-18 18:28:34,100.0,0.19999978,-8.600004,1.5,8.732128532724197,0.0,-0.061623039842316985,2.0,2.0,gps_speed_mismatch,1
zRYzhAEAHAABAAAKCRtcAAsAtwB1gBAQ,2020-08-18 22:20:01,12.0,-0.5,-10.800002,7.75,13.302351040323812,0.0,0.0,9.750707995864767,7.020509757022633,normal,0
zRYzhAEAHAABAAAKCRtcAAsAtwB1gBAQ,2020-08-18 18:19:24,9.0,0.5999999,-8.800002,2.75,9.239184762737674,-5.0,-1.273309481123011,12.787416563935311,9.206939926033424,normal,0
zRYzhAEAHAABAAAKCRtcAAsAtwB1gBAQ,2020-08-18 18:36:10,71.0,0.59999996,-9.000001,4.25,9.971084091110704,-5.0,2.3684526834992523,83.68536927558475,60.253465878421025,normal,0
zRYzhAEAHAABAAAKCRtcAAsAtwB1gBAQ,2020-08-18 20:40:31,100.0,1.8000002,-9.200001,2.5,9.70206262193772,2.0,-0.21169045305865097,2.0,2.0,gps_speed_mismatch,1
zRYzhAEAHAABAAAKCRtcAAsAtwB1gBAQ,2020-08-18 18:16:00,17.0,25.0,-25.0,25.0,43.30127018922193,0.0,20.0,30.08212387635586,21.659129190976216,extreme_acceleration,1
zRYzhAEAHAABAAAKCRtcAAsAtwB1gBAQ,2020-08-18 18:18:49,19.0,-1.0999999,-9.200002,3.0,9.739098345329715,1.0,0.043736738870469694,37.420998991561476,26.94311927392426,normal,0
zRYzhAEAHAABAAAKCRtcAAsAtwB1gBAQ,2020-08-18 18:31:03,180.0,1.0000002,-9.800004,3.0,10.29757635562932,150.0,0.9167426229589513,18.71204186893451,13.472670145632847,speed_jump,1
zRYzhAEAHAABAAAKCRtcAAsAtwB1gBAQ,2020-08-18 18:35:17,73.0,-0.4,-4.8,3.5,5.953990258641679,2.0,-5.204526671129947,84.17464329400856,60.605743171686164,normal,0
zRYzhAEAHAABAAAKCRtcAAsAtwB1gBAQ,2020-08-18 22:20:13,10.0,-0.4999999,-10.800002,6.25,12.488096055844702,-6.0,4.927506078865128,9.757679110754458,7.02552895974321,normal,0
zRYzhAEAHAABAAAKCRtcAAsAtwB1gBAQ,2020-08-18 22:16:17,250.0,-0.1,-8.200001,5.25,9.737171889208952,200.0,0.9114981812135667,0.0,250.0,extreme_speed,1
zRYzhAEAHAABAAAKCRtcAAsAtwB1gBAQ,2020-08-18 18:28:49,43.0,0.20000015,-8.800004,2.75,9.221852875643593,-2.0,-0.25707481898600726,72.32434909249258,52.07353134659466,normal,0
zRYzhAEAHAABAAAKCRtcAAsAtwB1gBAQ,2020-08-18 18:38:08,1.0,0.29999992,-8.400001,4.25,9.418732226366826,-12.0,0.30322263995307,0.0,0.0,normal,0
zRYzhAEAHAABAAAKCRtcAAsAtwB1gBAQ,2020-08-18 18:31:13,7.0,1.1000003,-7.800004,2.75,8.343414352650605,-7.0,-1.2612748573139232,5000.0,300.0,gps_jump,1
zRYzhAEAHAABAAAKCRtcAAsAtwB1gBAQ,2020-08-18 20:40:47,11.0,25.0,-25.0,25.0,43.30127018922193,0.0,20.0,16.299519093553304,58.67826873679189,extreme_acceleration,1
zRYzhAEAHAABAAAKCRtcAAsAtwB1gBAQ,2020-08-18 20:39:56,10.0,0.7,-8.000001,2.5,8.410708412494216,-1.0,-0.6181352211058826,29.815902294532403,11.92636091781296,normal,0
zRYzhAEAHAABAAAKCRtcAAsAtwB1gBAQ,2020-08-18 18:30:07,26.0,25.0,-25.0,25.0,43.30127018922193,1.0,20.0,50.624277280011945,36.449479641608605,extreme_acceleration,1
zRYzhAEAHAABAAAKCRtcAAsAtwB1gBAQ,2020-08-18 22:17:35,250.0,-0.49999988,-9.600001,4.0,10.412013209749642,200.0,0.5043124881894663,42.51178235635689,250.0,extreme_speed,1
zRYzhAEAHAABAAAKCRtcAAsAtwB1gBAQ,2020-08-18 18:19:19,14.0,0.100000136,-8.800002,5.75,10.512494243860685,0.0,1.0785112631677478,17.082056905761966,12.299080972148616,normal,0
zRYzhAEAHAABAAAKCRtcAAsAtwB1gBAQ,2020-08-18 22:18:30,12.0,2.1000001,-8.400002,4.5,9.758075323546342,0.0,-4.938864548413536,8.18822149527691,5.895519476599375,normal,0
zRYzhAEAHAABAAAKCRtcAAsAtwB1gBAQ,2020-08-18 20:48:18,27.0,-1.2,-7.3999996,4.75,8.874823608387953,-2.0,2.4039276889653367,5000.0,300.0,gps_jump,1
zRYzhAEAHAABAAAKCRtcAAsAtwB1gBAQ,2020-08-18 18:39:54,3.0,1.3999997,-8.6,3.5,9.389888133518955,0.0,-0.6500321721408504,5000.0,300.0,gps_jump,1
zRYzhAEAHAABAAAKCRtcAAsAtwB1gBAQ,2020-08-18 22:17:35,47.0,-0.49999988,-9.600001,4.0,10.412013209749642,1.0,0.5043124881894663,42.51178235635689,30.608483296576964,normal,0
zRYzhAEAHAABAAAKCRtcAAsAtwB1gBAQ,2020-08-18 18:36:25,100.0,1.1999999,-9.200001,3.25,9.830692659217917,0.0,0.0,2.0,2.0,gps_speed_mismatch,1
zRYzhAEAHAABAAAKCRtcAAsAtwB1gBAQ,2020-08-18 18:21:28,1.0,0.4999999,-8.600002,3.75,9.395346417243166,0.0,0.06689345011061754,0.0,0.0,normal,0
zRYzhAEAHAABAAAKCRtcAAsAtwB1gBAQ,2020-08-18 20:39:26,13.0,-0.5999999,-7.4000006,7.25,10.377018298143277,1.0,-0.9685755616773708,33.68639916035682,24.25420739545691,normal,0
zRYzhAEAHAABAAAKCRtcAAsAtwB1gBAQ,2020-08-18 20:41:11,180.0,2.4586916e-07,-8.4,4.0,9.30376267969041,150.0,-0.17146911916290364,0.0,0.0,speed_jump,1
zRYzhAEAHAABAAAKCRtcAAsAtwB1gBAQ,2020-08-18 22:18:40,14.0,0.40000013,-9.200002,4.75,10.361589496983752,-1.0,-4.551829024602906,5000.0,300.0,gps_jump,1
zRYzhAEAHAABAAAKCRtcAAsAtwB1gBAQ,2020-08-18 18:20:26,20.0,25.0,-25.0,25.0,43.30127018922193,-11.0,20.0,34.7280852481736,25.004221378684992,extreme_acceleration,1
zRYzhAEAHAABAAAKCRtcAAsAtwB1gBAQ,2020-08-18 20:39:41,11.0,1.4,-8.2,3.0,8.843076387773657,-2.0,-3.738358347581448,5000.0,300.0,gps_jump,1
zRYzhAEAHAABAAAKCRtcAAsAtwB1gBAQ,2020-08-18 18:17:10,180.0,0.6000001,-8.600002,4.5,9.724712567474887,150.0,0.33043146246206057,13.983725073230897,10.068282052726246,speed_jump,1
zRYzhAEAHAABAAAKCRtcAAsAtwB1gBAQ,2020-08-18 18:30:02,25.0,0.49999988,-9.000004,3.5,9.669543519733288,5.0,0.8195406541963735,21.593039780674925,15.546988642085944,normal,0
zRYzhAEAHAABAAAKCRtcAAsAtwB1gBAQ,2020-08-18 18:19:19,14.0,0.100000136,-8.800002,5.75,10.512494243860685,0.0,1.0785112631677478,5000.0,300.0,gps_jump,1
zRYzhAEAHAABAAAKCRtcAAsAtwB1gBAQ,2020-08-18 18:28:44,45.0,0.3999998,-8.800004,3.5,9.4789276946296,-1.0,0.06444149675299826,76.15345509245587,54.83048766656823,normal,0
zRYzhAEAHAABAAAKCRtcAAsAtwB1gBAQ,2020-08-18 18:34:40,68.0,-0.100000024,-9.4,3.5,10.030952098619553,-1.0,0.4360315663795902,136.62510560986084,98.3700760390998,normal,0
zRYzhAEAHAABAAAKCRtcAAsAtwB1gBAQ,2020-08-18 22:20:18,10.0,-2.2,-8.4000025,5.5,10.278620627302393,0.0,-2.2094754285423086,27.161905294909843,19.55657181233509,normal,0
zRYzhAEAHAABAAAKCRtcAAsAtwB1gBAQ,2020-08-18 22:19:46,10.0,1.1,-8.000002,3.75,8.903512340644225,-6.0,-1.224791914264701,16.979815022694545,12.225466816340072,normal,0
zRYzhAEAHAABAAAKCRtcAAsAtwB1gBAQ,2020-08-18 18:26:08,100.0,0.40000027,-8.000004,4.0,8.95321530043906,0.0,-1.496788131522866,2.0,2.0,gps_speed_mismatch,1
zRYzhAEAHAABAAAKCRtcAAsAtwB1gBAQ,2020-08-18 18:29:37,250.0,1.3000002,-9.600003,2.25,9.945479280558027,200.0,1.0685393731340724,49.09277834524355,250.0,extreme_speed,1
zRYzhAEAHAABAAAKCRtcAAsAtwB1gBAQ,2020-08-18 18:33:11,180.0,0.7,-8.6,3.75,9.408108205160056,150.0,0.5824307854927682,1.0007543396909069,0.08787111275334791,speed_jump,1
zRYzhAEAHAABAAAKCRtcAAsAtwB1gBAQ,2020-08-18 18:30:12,26.0,25.0,-25.0,25.0,43.30127018922193,0.0,20.0,23.74003803197267,17.092827383020325,extreme_acceleration,1
zRYzhAEAHAABAAAKCRtcAAsAtwB1gBAQ,2020-08-18 18:15:50,23.0,0.3000001,-9.000001,4.25,9.957535742341124,2.0,-0.10477204066790335,45.13305628701481,27.079833772208886,normal,0
zRYzhAEAHAABAAAKCRtcAAsAtwB1gBAQ,2020-08-18 22:21:01,100.0,0.6000001,-8.000003,3.75,8.85565063222398,0.0,-0.2081536496440357,2.0,2.0,gps_speed_mismatch,1
zRYzhAEAHAABAAAKCRtcAAsAtwB1gBAQ,2020-08-18 18:16:15,23.0,25.0,-25.0,25.0,43.30127018922193,4.0,20.0,52.07154124602826,18.745754848570172,extreme_acceleration,1
zRYzhAEAHAABAAAKCRtcAAsAtwB1gBAQ,2020-08-18 20:48:59,250.0,1.5,-8.0,3.5,8.860022573334675,200.0,-1.4957728923936848,0.0,250.0,extreme_speed,1
zRYzhAEAHAABAAAKCRtcAAsAtwB1gBAQ,2020-08-18 18:19:30,18.0,0.30000013,-8.800002,5.25,10.251465030814083,9.0,1.0122802680764096,22.93993018142635,41.29187432656743,normal,0
zRYzhAEAHAABAAAKCRtcAAsAtwB1gBAQ,2020-08-18 18:16:30,24.0,-1.1000003,-8.800002,5.75,10.5694151143762,-5.0,0.7022971015012658,18.570658581795186,22.284790298154224,normal,0
zRYzhAEAHAABAAAKCRtcAAsAtwB1gBAQ,2020-08-18 18:36:37,100.0,0.10000002,-8.800001,2.75,9.220223294693085,21.0,-0.8038726745202993,2.0,2.0,gps_speed_mismatch,1
zRYzhAEAHAABAAAKCRtcAAsAtwB1gBAQ,2020-08-18 18:19:14,14.0,25.0,-25.0,25.0,43.30127018922193,-1.0,20.0,11.168817580738777,8.04154865813192,extreme_acceleration,1
zRYzhAEAHAABAAAKCRtcAAsAtwB1gBAQ,2020-08-18 18:29:05,23.0,-0.8000002,-9.000004,3.0,9.520507986447784,-19.0,1.3498257236247913,40.819888545132976,29.390319752495742,normal,0
zRYzhAEAHAABAAAKCRtcAAsAtwB1gBAQ,2020-08-18 18:27:45,29.0,1.2000002,-8.000004,2.75,8.544153818841046,0.0,-2.4172590531392846,22.577052624267193,16.255477889472377,normal,0
zRYzhAEAHAABAAAKCRtcAAsAtwB1gBAQ,2020-08-18 18:31:30,180.0,0.49999985,-8.400004,3.75,9.21263084303371,150.0,0.0,0.0,0.0,speed_jump,1
zRYzhAEAHAABAAAKCRtcAAsAtwB1gBAQ,2020-08-18 20:39:47,11.0,1.4000002,-8.400001,3.0,9.028843633600099,0.0,0.0,0.0,0.0,normal,0
zRYzhAEAHAABAAAKCRtcAAsAtwB1gBAQ,2020-08-18 22:19:00,250.0,1.5000001,-5.8000016,-1.0,6.073715408216175,200.0,-5.385451955951345,10.386196960001344,250.0,extreme_speed,1
zRYzhAEAHAABAAAKCRtcAAsAtwB1gBAQ,2020-08-18 18:22:17,250.0,0.79999995,-7.0000024,3.5,7.867021896499701,200.0,-1.3710812235141168,48.1795330681177,250.0,extreme_speed,1
zRYzhAEAHAABAAAKCRtcAAsAtwB1gBAQ,2020-08-18 18:28:07,43.0,-0.59999985,-8.800004,4.75,10.018112108576947,2.0,1.05987211402355,73.65565861723434,53.03207420440873,normal,0
zRYzhAEAHAABAAAKCRtcAAsAtwB1gBAQ,2020-08-18 18:30:12,26.0,0.69999987,-8.600004,2.5,8.983321691780608,0.0,-1.162123552269012,23.74003803197267,17.092827383020325,normal,0
zRYzhAEAHAABAAAKCRtcAAsAtwB1gBAQ,2020-08-18 18:35:07,68.0,0.0,-9.2,5.75,10.849078301865093,0.0,2.467550994744988,5000.0,300.0,gps_jump,1
zRYzhAEAHAABAAAKCRtcAAsAtwB1gBAQ,2020-08-18 20:35:44,0.0,25.0,-25.0,25.0,43.30127018922193,0.0,20.0,0.0,0.0,extreme_acceleration,1
zRYzhAEAHAABAAAKCRtcAAsAtwB1gBAQ,2020-08-18 18:15:44,100.0,-0.8000002,-9.400002,3.5,10.062307783009027,5.0,-0.18708333724787352,2.0,2.0,gps_speed_mismatch,1
zRYzhAEAHAABAAAKCRtcAAsAtwB1gBAQ,2020-08-18 22:18:35,15.0,-2.1,-13.000002,7.0,14.913418521586658,3.0,5.155343198040317,22.76791575787826,16.392899345672348,normal,0
zRYzhAEAHAABAAAKCRtcAAsAtwB1gBAQ,2020-08-18 18:34:30,72.0,25.0,-25.0,25.0,43.30127018922193,1.0,20.0,59.49232831829869,6.490072180178039,extreme_acceleration,1
zRYzhAEAHAABAAAKCRtcAAsAtwB1gBAQ,2020-08-18 18:23:07,33.0,-0.6999999,-9.600003,7.75,12.357692238440356,-2.0,5.083591979301153,5000.0,300.0,gps_jump,1
zRYzhAEAHAABAAAKCRtcAAsAtwB1gBAQ,2020-08-18 20:48:23,100.0,3.1,-10.2,1.25,10.733708585572835,0.0,1.858884977184882,2.0,2.0,gps_speed_mismatch,1
zRYzhAEAHAABAAAKCRtcAAsAtwB1gBAQ,2020-08-18 20:35:47,0.0,0.5999999,-8.8,3.5,9.489467839663087,0.0,0.0,0.0,0.0,normal,0
zRYzhAEAHAABAAAKCRtcAAsAtwB1gBAQ,2020-08-18 18:25:38,55.0,-0.49999973,-7.200003,4.25,8.375711487987697,0.0,-1.4570170989310434,134.21210175175037,96.63271326126028,normal,0
zRYzhAEAHAABAAAKCRtcAAsAtwB1gBAQ,2020-08-18 18:22:52,180.0,1.3999999,-9.800003,5.5,11.324754236627346,150.0,1.1635509220582971,31.21727245510806,22.476436167677804,speed_jump,1
zRYzhAEAHAABAAAKCRtcAAsAtwB1gBAQ,2020-08-18 18:20:46,1.0,0.9000002,-8.600002,3.5,9.328452967132549,0.0,-0.0727455883711059,5000.0,300.0,gps_jump,1
zRYzhAEAHAABAAAKCRtcAAsAtwB1gBAQ,2020-08-18 18:22:17,33.0,0.79999995,-7.0000024,3.5,7.867021896499701,14.0,-1.3710812235141168,48.1795330681177,34.689263809044746,normal,0
zRYzhAEAHAABAAAKCRtcAAsAtwB1gBAQ,2020-08-18 18:22:27,250.0,1.1999999,-9.000003,4.25,10.025096197045142,200.0,-1.4295989879001567,71.66318281206033,250.0,extreme_speed,1
zRYzhAEAHAABAAAKCRtcAAsAtwB1gBAQ,2020-08-18 20:40:11,100.0,1.7000002,-11.2,0.5,11.339312178434811,0.0,1.5340830837118844,2.0,2.0,gps_speed_mismatch,1
zRYzhAEAHAABAAAKCRtcAAsAtwB1gBAQ,2020-08-18 18:25:33,55.0,0.39999983,-8.600003,4.75,9.83272858691874,3.0,1.0953063400538738,5000.0,300.0,gps_jump,1
zRYzhAEAHAABAAAKCRtcAAsAtwB1gBAQ,2020-08-18 18:33:28,100.0,2.2351742e-08,-8.400001,3.0,8.91964219013302,0.0,-0.03580401873904293,2.0,2.0,gps_speed_mismatch,1
zRYzhAEAHAABAAAKCRtcAAsAtwB1gBAQ,2020-08-18 18:39:34,250.0,0.39999968,-9.2,4.0,10.039920305659805,200.0,0.2745478122010958,0.0,250.0,extreme_speed,1
zRYzhAEAHAABAAAKCRtcAAsAtwB1gBAQ,2020-08-18 18:30:32,6.0,0.6999998,-8.800005,4.75,10.024599130141068,0.0,0.4301968861235146,0.0,0.0,normal,0
zRYzhAEAHAABAAAKCRtcAAsAtwB1gBAQ,2020-08-18 18:38:38,180.0,1.3,-7.8,4.25,8.97733256596858,150.0,-0.5930644899534006,10.93886480102256,7.875982656736244,speed_jump,1
zRYzhAEAHAABAAAKCRtcAAsAtwB1gBAQ,2020-08-18 22:16:00,180.0,0.5,-8.400001,3.0,8.933645213461356,150.0,-0.46169937840966213,17.426179042370464,18.37141996819203,speed_jump,1
zRYzhAEAHAABAAAKCRtcAAsAtwB1gBAQ,2020-08-18 20:39:46,180.0,1.4000002,-8.400001,3.0,9.028843633600099,150.0,0.1857672458264421,31.533680253957677,22.704249782849526,speed_jump,1
zRYzhAEAHAABAAAKCRtcAAsAtwB1gBAQ,2020-08-18 18:28:07,43.0,-0.59999985,-8.800004,4.75,10.018112108576947,2.0,1.05987211402355,5000.0,300.0,gps_jump,1
zRYzhAEAHAABAAAKCRtcAAsAtwB1gBAQ,2020-08-18 18:17:36,180.0,-0.49999994,-8.600001,3.25,9.207199201711724,150.0,-0.3787298612432064,73.96013907397466,33.2820625832886,speed_jump,1
zRYzhAEAHAABAAAKCRtcAAsAtwB1gBAQ,2020-08-18 18:26:08,180.0,0.40000027,-8.000004,4.0,8.95321530043906,150.0,-1.496788131522866,117.96917003702124,84.9378024266553,speed_jump,1
zRYzhAEAHAABAAAKCRtcAAsAtwB1gBAQ,2020-08-18 18:16:20,100.0,1.6999998,-9.000002,4.0,9.994500253639702,6.0,0.17449426484310493,2.0,2.0,gps_speed_mismatch,1
zRYzhAEAHAABAAAKCRtcAAsAtwB1gBAQ,2020-08-18 18:35:07,250.0,0.0,-9.2,5.75,10.849078301865093,200.0,2.467550994744988,77.3971413053017,250.0,extreme_speed,1
zRYzhAEAHAABAAAKCRtcAAsAtwB1gBAQ,2020-08-18 18:29:15,13.0,1.8999999,-6.000004,3.25,7.083258262975875,7.0,-1.4981197335937342,0.0,0.0,normal,0
zRYzhAEAHAABAAAKCRtcAAsAtwB1gBAQ,2020-08-18 20:37:50,0.0,0.6000001,-9.0,3.5,9.675226101750802,0.0,0.005686300395206345,0.0,0.0,normal,0
zRYzhAEAHAABAAAKCRtcAAsAtwB1gBAQ,2020-08-18 18:37:08,40.0,0.7999999,-10.400001,0.5,10.4427017883305,-20.0,0.7741953042864917,50.07258911449892,30.04355346869935,normal,0
zRYzhAEAHAABAAAKCRtcAAsAtwB1gBAQ,2020-08-18 18:30:32,180.0,0.6999998,-8.800005,4.75,10.024599130141068,150.0,0.4301968861235146,0.0,0.0,speed_jump,1
zRYzhAEAHAABAAAKCRtcAAsAtwB1gBAQ,2020-08-18 18:17:10,14.0,0.6000001,-8.600002,4.5,9.724712567474887,3.0,0.33043146246206057,13.983725073230897,10.068282052726246,normal,0
zRYzhAEAHAABAAAKCRtcAAsAtwB1gBAQ,2020-08-18 18:37:02,60.0,25.0,-25.0,25.0,43.30127018922193,-1.0,20.0,124.42722911944736,89.5876049660021,extreme_acceleration,1
zRYzhAEAHAABAAAKCRtcAAsAtwB1gBAQ,2020-08-18 20:41:11,100.0,2.4586916e-07,-8.4,4.0,9.30376267969041,0.0,-0.17146911916290364,2.0,2.0,gps_speed_mismatch,1
zRYzhAEAHAABAAAKCRtcAAsAtwB1gBAQ,2020-08-18 18:38:38,5.0,25.0,-25.0,25.0,43.30127018922193,1.0,20.0,10.93886480102256,7.875982656736244,extreme_acceleration,1
zRYzhAEAHAABAAAKCRtcAAsAtwB1gBAQ,2020-08-18 20:30:51,250.0,0.4,-8.8,3.25,9.389488803976498,200.0,0.18717931124588283,0.0,250.0,extreme_speed,1
zRYzhAEAHAABAAAKCRtcAAsAtwB1gBAQ,2020-08-18 18:16:20,29.0,1.6999998,-9.000002,4.0,9.994500253639702,6.0,0.17449426484310493,43.76285855275608,31.509258157984377,normal,0
zRYzhAEAHAABAAAKCRtcAAsAtwB1gBAQ,2020-08-18 22:17:00,33.0,0.20000002,-9.800001,8.75,13.13935004511262,0.0,0.0,5000.0,300.0,gps_jump,1
zRYzhAEAHAABAAAKCRtcAAsAtwB1gBAQ,2020-08-18 18:16:40,30.0,2.1,-8.4000025,-2.75,9.084742263818288,-2.0,1.2596215887103952,76.84527808462569,55.3286002209305,normal,0
zRYzhAEAHAABAAAKCRtcAAsAtwB1gBAQ,2020-08-18 18:35:55,73.0,-1.1,-8.8,5.25,10.305944886326532,-2.0,0.9160567080786155,128.75617052889805,92.7044427808066,normal,0
zRYzhAEAHAABAAAKCRtcAAsAtwB1gBAQ,2020-08-18 19:54:47,0.0,0.4,-8.8,3.5,9.478923989567592,0.0,0.27661449683697725,0.0,0.0,normal,0
zRYzhAEAHAABAAAKCRtcAAsAtwB1gBAQ,2020-08-18 19:54:42,0.0,0.4,-8.6,3.25,9.202309492730615,0.0,-0.1919706819288578,8.575576613858924,18.37141996819203,normal,0
zRYzhAEAHAABAAAKCRtcAAsAtwB1gBAQ,2020-08-18 20:48:34,100.0,-1.4000002,-11.2,5.75,12.667379388018661,-1.0,-0.813347594900323,2.0,2.0,gps_speed_mismatch,1
zRYzhAEAHAABAAAKCRtcAAsAtwB1gBAQ,2020-08-18 20:32:46,0.0,25.0,-25.0,25.0,43.30127018922193,0.0,20.0,0.0,0.0,extreme_acceleration,1
zRYzhAEAHAABAAAKCRtcAAsAtwB1gBAQ,2020-08-18 20:41:11,250.0,2.4586916e-07,-8.4,4.0,9.30376267969041,200.0,-0.17146911916290364,0.0,250.0,extreme_speed,1
zRYzhAEAHAABAAAKCRtcAAsAtwB1gBAQ,2020-08-18 18:16:27,29.0,-0.5999999,-9.000001,4.0,9.867118012874935,0.0,0.0,32.779494282812344,59.00308970906222,normal,0
zRYzhAEAHAABAAAKCRtcAAsAtwB1gBAQ,2020-08-18 18:25:53,57.0,0.9999998,-8.200004,3.5,8.971625560622558,1.0,-1.4863885080239871,48.56379373971323,34.96593149259353,normal,0
zRYzhAEAHAABAAAKCRtcAAsAtwB1gBAQ,2020-08-18 18:16:45,28.0,1.4000001,-8.000001,3.0,8.657945268942337,-2.0,-0.4267969948759518,17.34027336768148,12.484996824730667,normal,0
zRYzhAEAHAABAAAKCRtcAAsAtwB1gBAQ,2020-08-18 20:48:13,29.0,0.9,-5.9999995,2.25,6.470895919422616,5.0,-2.576892915425433,46.55964985126171,23.944962780648883,normal,0
zRYzhAEAHAABAAAKCRtcAAsAtwB1gBAQ,2020-08-18 20:40:26,9.0,0.40000004,-8.4,5.25,9.913753074996372,1.0,0.46586970315058984,13.623327711830747,9.808795952518137,normal,0
zRYzhAEAHAABAAAKCRtcAAsAtwB1gBAQ,2020-08-18 18:39:18,1.0,25.0,-25.0,25.0,43.30127018922193,-8.0,20.0,0.0,0.0,extreme_acceleration,1
zRYzhAEAHAABAAAKCRtcAAsAtwB1gBAQ,2020-08-18 18:30:12,250.0,0.69999987,-8.600004,2.5,8.983321691780608,200.0,-1.162123552269012,23.74003803197267,250.0,extreme_speed,1
zRYzhAEAHAABAAAKCRtcAAsAtwB1gBAQ,2020-08-18 18:26:03,61.0,0.79999983,-9.000004,5.25,10.450003431961926,4.0,1.8324312077208287,47.583327778965995,34.25999600085552,normal,0
zRYzhAEAHAABAAAKCRtcAAsAtwB1gBAQ,2020-08-18 18:25:13,51.0,0.59999985,-8.400003,4.0,9.323092309958591,0.0,-0.4569920736246651,41.749624849389484,30.05972989156043,normal,0
zRYzhAEAHAABAAAKCRtcAAsAtwB1gBAQ,2020-08-18 18:29:05,250.0,-0.8000002,-9.000004,3.0,9.520507986447784,200.0,1.3498257236247913,40.819888545132976,250.0,extreme_speed,1
zRYzhAEAHAABAAAKCRtcAAsAtwB1gBAQ,2020-08-18 18:20:36,1.0,0.50000024,-8.4000025,3.75,9.212629496512182,-13.0,0.5753537702195448,5000.0,300.0,gps_jump,1
zRYzhAEAHAABAAAKCRtcAAsAtwB1gBAQ,2020-08-18 18:38:18,100.0,0.5999999,-8.8,4.0,9.68504000404748,4.0,0.37268173430715024,2.0,2.0,gps_speed_mismatch,1
zRYzhAEAHAABAAAKCRtcAAsAtwB1gBAQ,2020-08-18 18:28:17,45.0,0.30000016,-9.000004,3.25,9.573534984320892,2.0,0.31002754706927327,74.36133758367433,53.54016306024552,normal,0
zRYzhAEAHAABAAAKCRtcAAsAtwB1gBAQ,2020-08-18 20:40:56,8.0,-0.79999995,-9.000001,3.0,9.520505129456158,-7.0,-0.13156718171101822,24.12366654713123,17.369039913934486,normal,0
zRYzhAEAHAABAAAKCRtcAAsAtwB1gBAQ,2020-08-18 20:39:46,100.0,1.4000002,-8.400001,3.0,9.028843633600099,0.0,0.1857672458264421,2.0,2.0,gps_speed_mismatch,1
zRYzhAEAHAABAAAKCRtcAAsAtwB1gBAQ,2020-08-18 18:16:05,19.0,-3.2000003,-8.000001,6.75,10.945433656096093,2.0,0.0031980883521303127,17.092542016471448,12.306630251859444,normal,0
zRYzhAEAHAABAAAKCRtcAAsAtwB1gBAQ,2020-08-18 18:31:28,1.0,0.49999985,-8.400004,3.75,9.21263084303371,-3.0,0.2476953864888003,8.615679568905424,6.203289289611906,normal,0
zRYzhAEAHAABAAAKCRtcAAsAtwB1gBAQ,2020-08-18 22:17:07,28.0,2.1000001,-12.600001,3.75,13.312870675402847,-5.0,5.120037636703657,60.618359656143205,43.64521895242311,normal,0
zRYzhAEAHAABAAAKCRtcAAsAtwB1gBAQ,2020-08-18 18:31:23,180.0,0.9000003,-8.400004,3.0,8.964935456544909,150.0,-0.3517191265127355,0.0,0.0,speed_jump,1
zRYzhAEAHAABAAAKCRtcAAsAtwB1gBAQ,2020-08-18 18:19:45,19.0,0.39999995,-9.800002,5.25,11.124861309697483,-2.0,3.385834947292195,25.23228338867234,18.167244039844086,normal,0
zRYzhAEAHAABAAAKCRtcAAsAtwB1gBAQ,2020-08-18 18:22:02,250.0,1.1000001,-8.4000025,3.5,9.16624471744052,200.0,-0.22910169980264605,0.0,250.0,extreme_speed,1
zRYzhAEAHAABAAAKCRtcAAsAtwB1gBAQ,2020-08-18 22:19:21,20.0,2.6,-9.000002,2.25,9.634445287612776,4.0,1.464836261471989,29.84361017342716,21.487399324867557,normal,0
zRYzhAEAHAABAAAKCRtcAAsAtwB1gBAQ,2020-08-18 18:29:10,6.0,0.8000002,-8.000003,3.0,8.581377996569609,-17.0,-0.9391299898781753,28.510421234970494,20.527503289178757,normal,0
zRYzhAEAHAABAAAKCRtcAAsAtwB1gBAQ,2020-08-18 18:40:09,2.0,25.0,-25.0,25.0,43.30127018922193,1.0,20.0,0.0,0.0,extreme_acceleration,1
zRYzhAEAHAABAAAKCRtcAAsAtwB1gBAQ,2020-08-18 22:18:30,100.0,2.1000001,-8.400002,4.5,9.758075323546342,0.0,-4.938864548413536,2.0,2.0,gps_speed_mismatch,1
zRYzhAEAHAABAAAKCRtcAAsAtwB1gBAQ,2020-08-18 18:36:37,34.0,0.10000002,-8.800001,2.75,9.220223294693085,21.0,-0.8038726745202993,0.0,0.0,normal,0
zRYzhAEAHAABAAAKCRtcAAsAtwB1gBAQ,2020-08-18 18:33:16,100.0,0.90000004,-8.6,4.25,9.634962380414363,3.0,0.2268541752543065,2.0,2.0,gps_speed_mismatch,1
zRYzhAEAHAABAAAKCRtcAAsAtwB1gBAQ,2020-08-18 18:23:22,11.0,-0.5000001,-10.000003,3.0,10.45227535515636,-13.0,-1.7910931037281888,19.018983652655614,13.693668229912042,normal,0
zRYzhAEAHAABAAAKCRtcAAsAtwB1gBAQ,2020-08-18 20:35:44,0.0,0.5999999,-8.8,3.5,9.489467839663087,0.0,0.09997903653860618,0.0,0.0,normal,0
zRYzhAEAHAABAAAKCRtcAAsAtwB1gBAQ,2020-08-18 18:17:36,24.0,-0.49999994,-8.600001,3.25,9.207199201711724,-8.0,-0.3787298612432064,73.96013907397466,33.2820625832886,normal,0
zRYzhAEAHAABAAAKCRtcAAsAtwB1gBAQ,2020-08-18 18:24:58,250.0,0.50000024,-8.800003,3.75,9.578755297010623,200.0,-0.6907410489651138,107.16115517835289,250.0,extreme_speed,1
zRYzhAEAHAABAAAKCRtcAAsAtwB1gBAQ,2020-08-18 20:39:21,12.0,-0.40000004,-11.0,2.75,11.345593859820648,3.0,0.660907588338409,0.0,0.0,normal,0
zRYzhAEAHAABAAAKCRtcAAsAtwB1gBAQ,2020-08-18 18:35:30,250.0,1.1,-8.6,3.75,9.446295570222222,200.0,-1.7786765879615114,154.994241801167,250.0,extreme_speed,1
zRYzhAEAHAABAAAKCRtcAAsAtwB1gBAQ,2020-08-18 18:28:12,43.0,0.8999998,-8.800004,2.75,9.263507437251619,0.0,-0.7546046713253283,50.58883607172908,36.423961971644935,normal,0
zRYzhAEAHAABAAAKCRtcAAsAtwB1gBAQ,2020-08-18 18:18:44,18.0,0.5999999,-9.200002,3.0,9.695361606459246,-3.0,-0.01906154471144106,49.33833252081804,25.373999582134992,normal,0
zRYzhAEAHAABAAAKCRtcAAsAtwB1gBAQ,2020-08-18 18:31:03,23.0,1.0000002,-9.800004,3.0,10.29757635562932,1.0,0.9167426229589513,5000.0,300.0,gps_jump,1
zRYzhAEAHAABAAAKCRtcAAsAtwB1gBAQ,2020-08-18 18:37:02,60.0,0.20000008,-8.800001,4.0,9.668506484044007,-1.0,-0.12026353981501714,124.42722911944736,89.5876049660021,normal,0
zRYzhAEAHAABAAAKCRtcAAsAtwB1gBAQ,2020-08-18 18:39:25,1.0,-0.30000034,-8.400001,5.0,9.780082668566822,0.0,0.0,0.0,0.0,normal,0
zRYzhAEAHAABAAAKCRtcAAsAtwB1gBAQ,2020-08-18 20:35:47,180.0,0.5999999,-8.8,3.5,9.489467839663087,150.0,0.0,0.0,0.0,speed_jump,1
zRYzhAEAHAABAAAKCRtcAAsAtwB1gBAQ,2020-08-18 20:49:05,180.0,0.6999998,-9.2,3.0,9.702061622150213,150.0,0.0,0.0,0.0,speed_jump,1
zRYzhAEAHAABAAAKCRtcAAsAtwB1gBAQ,2020-08-18 18:16:15,23.0,2.1000001,-8.600001,4.25,9.820005988796597,4.0,-1.1254276672994958,5000.0,300.0,gps_jump,1
zRYzhAEAHAABAAAKCRtcAAsAtwB1gBAQ,2020-08-18 18:22:27,32.0,1.1999999,-9.000003,4.25,10.025096197045142,-10.0,-1.4295989879001567,71.66318281206033,51.59749162468344,normal,0
zRYzhAEAHAABAAAKCRtcAAsAtwB1gBAQ,2020-08-18 18:19:55,4.0,0.09999994,-8.4000025,5.0,9.775993145865346,-13.0,0.9300877382766881,16.753248388576182,12.062338839774853,normal,0
zRYzhAEAHAABAAAKCRtcAAsAtwB1gBAQ,2020-08-18 18:25:48,56.0,1.1000003,-9.600003,4.0,10.458014068646545,1.0,1.2242418098127246,111.42781509333791,80.2280268672033,normal,0
zRYzhAEAHAABAAAKCRtcAAsAtwB1gBAQ,2020-08-18 18:18:59,19.0,0.60000014,-8.000002,2.0,8.268012588766663,0.0,-1.861155051271881,27.579737540352134,19.857411029053537,normal,0
zRYzhAEAHAABAAAKCRtcAAsAtwB1gBAQ,2020-08-18 18:38:13,1.0,25.0,-25.0,25.0,43.30127018922193,0.0,20.0,6.491843046076656,4.674126993175192,extreme_acceleration,1
zRYzhAEAHAABAAAKCRtcAAsAtwB1gBAQ,2020-08-18 21:00:27,6.0,25.0,-25.0,25.0,43.30127018922193,-2.0,20.0,0.0,0.0,extreme_acceleration,1
zRYzhAEAHAABAAAKCRtcAAsAtwB1gBAQ,2020-08-18 22:19:11,16.0,25.0,-25.0,25.0,43.30127018922193,1.0,20.0,46.167026384615404,15.109208634965041,extreme_acceleration,1
zRYzhAEAHAABAAAKCRtcAAsAtwB1gBAQ,2020-08-18 20:49:04,100.0,0.6999998,-9.2,3.0,9.702061622150213,-2.0,0.842039048815538,2.0,2.0,gps_speed_mismatch,1
zRYzhAEAHAABAAAKCRtcAAsAtwB1gBAQ,2020-08-18 22:16:26,28.0,25.0,-25.0,25.0,43.30127018922193,21.0,20.0,212.70207609615818,85.08083043846328,extreme_acceleration,1
zRYzhAEAHAABAAAKCRtcAAsAtwB1gBAQ,2020-08-18 18:22:12,180.0,0.20000014,-8.200003,4.25,9.238103120013818,150.0,-0.5455588700595424,10.126387669556719,7.290999122080837,speed_jump,1
zRYzhAEAHAABAAAKCRtcAAsAtwB1gBAQ,2020-08-18 20:39:46,11.0,1.4000002,-8.400001,3.0,9.028843633600099,0.0,0.1857672458264421,31.533680253957677,22.704249782849526,normal,0
zRYzhAEAHAABAAAKCRtcAAsAtwB1gBAQ,2020-08-18 18:30:27,6.0,25.0,-25.0,25.0,43.30127018922193,-14.0,20.0,30.023894770794335,21.617204234971922,extreme_acceleration,1
zRYzhAEAHAABAAAKCRtcAAsAtwB1gBAQ,2020-08-18 18:16:50,34.0,0.3999999,-8.000001,5.5,9.716481663647649,6.0,1.0585363947053121,68.26222373471813,49.148801088997054,normal,0
zRYzhAEAHAABAAAKCRtcAAsAtwB1gBAQ,2020-08-18 22:18:00,34.0,-0.49999997,-8.200002,2.25,8.517777454829634,2.0,-0.7230305640615704,27.639860751477954,19.90069974106413,normal,0
zRYzhAEAHAABAAAKCRtcAAsAtwB1gBAQ,2020-08-18 18:33:48,52.0,-0.2,-8.6,4.5,9.7082439194738,16.0,1.5760544140576744,71.87754620622464,51.75183326848174,normal,0
zRYzhAEAHAABAAAKCRtcAAsAtwB1gBAQ,2020-08-18 18:30:22,20.0,1.2999998,-9.200005,3.75,10.019610345718293,-4.0,0.6327817145985666,19.156095383629324,13.792388676213113,normal,0
zRYzhAEAHAABAAAKCRtcAAsAtwB1gBAQ,2020-08-18 18:22:52,34.0,1.3999999,-9.800003,5.5,11.324754236627346,-6.0,1.1635509220582971,31.21727245510806,22.476436167677804,normal,0
zRYzhAEAHAABAAAKCRtcAAsAtwB1gBAQ,2020-08-18 18:17:05,11.0,0.49999988,-8.800001,3.25,9.394281105012826,-23.0,-0.9349267765240725,81.48076725426465,29.333076211535275,normal,0
zRYzhAEAHAABAAAKCRtcAAsAtwB1gBAQ,2020-08-18 18:36:00,74.0,-0.50000006,-8.200001,4.5,9.366964100497077,1.0,-0.9389807858294557,82.48578197588758,59.38976302263906,normal,0
zRYzhAEAHAABAAAKCRtcAAsAtwB1gBAQ,2020-08-18 22:16:00,0.0,0.5,-8.400001,3.0,8.933645213461356,-1.0,-0.46169937840966213,17.426179042370464,18.37141996819203,normal,0
zRYzhAEAHAABAAAKCRtcAAsAtwB1gBAQ,2020-08-18 18:37:18,180.0,0.09999988,-9.000001,6.5,11.102252833366794,150.0,0.6955232997428418,16.392185065547263,11.80237324719403,speed_jump,1
zRYzhAEAHAABAAAKCRtcAAsAtwB1gBAQ,2020-08-18 18:40:24,2.0,0.7999997,-8.8,3.0,9.33166649211169,0.0,0.02306832589997576,0.0,0.0,normal,0
zRYzhAEAHAABAAAKCRtcAAsAtwB1gBAQ,2020-08-18 18:31:23,4.0,0.9000003,-8.400004,3.0,8.964935456544909,-3.0,-0.3517191265127355,0.0,0.0,normal,0
zRYzhAEAHAABAAAKCRtcAAsAtwB1gBAQ,2020-08-18 18:23:17,24.0,2.1000001,-11.800003,2.5,12.243368458884548,-6.0,0.6429349452606292,54.21142944882937,39.032229203157144,normal,0
zRYzhAEAHAABAAAKCRtcAAsAtwB1gBAQ,2020-08-18 18:38:53,1.0,1.1999997,-8.599999,3.75,9.45846087267908,0.0,-0.019540846037845228,0.0,0.0,normal,0
zRYzhAEAHAABAAAKCRtcAAsAtwB1gBAQ,2020-08-18 18:39:13,9.0,0.19999968,-9.6,5.5,11.065712804514678,-3.0,0.5943240389305728,5000.0,300.0,gps_jump,1
zRYzhAEAHAABAAAKCRtcAAsAtwB1gBAQ,2020-08-18 18:29:52,23.0,1.4999999,-8.600004,2.0,8.956007397273408,-2.0,-2.332152612223668,22.897402449892567,16.486129763922648,normal,0
zRYzhAEAHAABAAAKCRtcAAsAtwB1gBAQ,2020-08-18 18:36:25,51.0,1.1999999,-9.200001,3.25,9.830692659217917,0.0,0.0,43.91294592198978,31.617321063832645,normal,0
zRYzhAEAHAABAAAKCRtcAAsAtwB1gBAQ,2020-08-18 18:36:15,61.0,1.1,-9.200001,2.25,9.534805629901483,-10.0,-0.43627846120922165,119.73662284454528,86.2103684480726,normal,0
zRYzhAEAHAABAAAKCRtcAAsAtwB1gBAQ,2020-08-18 18:31:13,100.0,1.1000003,-7.800004,2.75,8.343414352650605,-7.0,-1.2612748573139232,2.0,2.0,gps_speed_mismatch,1
zRYzhAEAHAABAAAKCRtcAAsAtwB1gBAQ,2020-08-18 18:38:13,250.0,0.39999968,-8.400001,4.0,9.31235826974033,200.0,-0.10637395662649674,6.491843046076656,250.0,extreme_speed,1
zRYzhAEAHAABAAAKCRtcAAsAtwB1gBAQ,2020-08-18 18:26:08,61.0,0.40000027,-8.000004,4.0,8.95321530043906,0.0,-1.496788131522866,117.96917003702124,84.9378024266553,normal,0
zRYzhAEAHAABAAAKCRtcAAsAtwB1gBAQ,2020-08-18 18:23:27,3.0,0.60000014,-9.000003,3.75,9.768446865700248,-8.0,-0.6838284894561113,5000.0,300.0,gps_jump,1
zRYzhAEAHAABAAAKCRtcAAsAtwB1gBAQ,2020-08-18 20:48:34,25.0,-1.4000002,-11.2,5.75,12.667379388018661,-1.0,-0.813347594900323,28.260428577916823,20.347508576100115,normal,0
zRYzhAEAHAABAAAKCRtcAAsAtwB1gBAQ,2020-08-18 18:39:54,3.0,1.3999997,-8.6,3.5,9.389888133518955,0.0,-0.6500321721408504,11.37545917061843,2.047582650711318,normal,0
zRYzhAEAHAABAAAKCRtcAAsAtwB1gBAQ,2020-08-18 20:39:31,13.0,1.3,-10.2,7.25,12.581434735355105,0.0,2.204416437211828,10.928126873193033,7.868251348698984,normal,0
zRYzhAEAHAABAAAKCRtcAAsAtwB1gBAQ,2020-08-18 18:39:23,1.0,-0.30000034,-8.400001,5.0,9.780082668566822,0.0,0.1851630320090969,5000.0,300.0,gps_jump,1
zRYzhAEAHAABAAAKCRtcAAsAtwB1gBAQ,2020-08-18 22:16:12,7.0,0.3,-8.200001,3.25,8.825673707995385,7.0,-0.1297725008766779,0.0,0.0,normal,0
zRYzhAEAHAABAAAKCRtcAAsAtwB1gBAQ,2020-08-18 20:39:47,100.0,1.4000002,-8.400001,3.0,9.028843633600099,0.0,0.0,2.0,2.0,gps_speed_mismatch,1
zRYzhAEAHAABAAAKCRtcAAsAtwB1gBAQ,2020-08-18 20:40:36,14.0,-0.39999998,-7.5999994,3.5,8.376753002446733,3.0,-1.3253096194909872,21.34134529104343,15.365768609551269,normal,0
zRYzhAEAHAABAAAKCRtcAAsAtwB1gBAQ,2020-08-18 22:18:40,14.0,25.0,-25.0,25.0,43.30127018922193,-1.0,20.0,19.683162467680773,14.171876976730157,extreme_acceleration,1
zRYzhAEAHAABAAAKCRtcAAsAtwB1gBAQ,2020-08-18 18:40:04,1.0,-0.100000285,-8.599999,4.25,9.5933561831614,0.0,0.2998100388739573,5000.0,300.0,gps_jump,1
zRYzhAEAHAABAAAKCRtcAAsAtwB1gBAQ,2020-08-18 20:48:23,180.0,3.1,-10.2,1.25,10.733708585572835,150.0,1.858884977184882,57.86941823229938,41.665981127255556,speed_jump,1
zRYzhAEAHAABAAAKCRtcAAsAtwB1gBAQ,2020-08-18 18:38:25,250.0,0.09999967,-8.8,4.0,9.666954015303896,200.0,0.0,0.0,250.0,extreme_speed,1
zRYzhAEAHAABAAAKCRtcAAsAtwB1gBAQ,2020-08-18 20:39:16,9.0,1.6000001,-10.200001,2.75,10.684686271482239,3.0,0.45140630267453474,32.00228473884298,7.200514066239671,normal,0
zRYzhAEAHAABAAAKCRtcAAsAtwB1gBAQ,2020-08-18 20:48:59,3.0,1.5,-8.0,3.5,8.860022573334675,-3.0,-1.4957728923936848,0.0,0.0,normal,0
zRYzhAEAHAABAAAKCRtcAAsAtwB1gBAQ,2020-08-18 18:16:35,32.0,1.9000001,-6.600001,3.75,7.825120675107893,8.0,-2.744294439268307,21.63949837697569,15.580438831422498,normal,0
zRYzhAEAHAABAAAKCRtcAAsAtwB1gBAQ,2020-08-18 18:35:07,68.0,0.0,-9.2,5.75,10.849078301865093,0.0,2.467550994744988,77.3971413053017,55.72594173981722,normal,0
zRYzhAEAHAABAAAKCRtcAAsAtwB1gBAQ,2020-08-18 18:15:24,1.0,0.100000106,-8.200001,4.0,9.124144695323558,-7.0,0.20618437134806733,5000.0,300.0,gps_jump,1
zRYzhAEAHAABAAAKCRtcAAsAtwB1gBAQ,2020-08-18 18:36:27,24.0,-0.19999999,-9.6,3.75,10.308370385080272,-27.0,0.477677725862355,51.65140280197091,92.97252504354763,normal,0
zRYzhAEAHAABAAAKCRtcAAsAtwB1gBAQ,2020-08-18 20:34:49,0.0,0.39999998,-8.8,3.25,9.38948880312448,0.0,-0.004791371534992095,0.0,0.0,normal,0
zRYzhAEAHAABAAAKCRtcAAsAtwB1gBAQ,2020-08-18 22:17:45,48.0,1.4000001,-7.4000015,3.75,8.413234959277094,-2.0,-2.0256356344222564,54.273543240610515,39.07695113323957,normal,0
zRYzhAEAHAABAAAKCRtcAAsAtwB1gBAQ,2020-08-18 18:28:39,46.0,-0.09999985,-8.400003,4.25,9.414486197876602,-1.0,0.6823576651524057,5000.0,300.0,gps_jump,1
zRYzhAEAHAABAAAKCRtcAAsAtwB1gBAQ,2020-08-18 20:31:46,0.0,0.4,-8.8,3.5,9.478923989567592,0.0,0.08943518559109442,5000.0,300.0,gps_jump,1
zRYzhAEAHAABAAAKCRtcAAsAtwB1gBAQ,2020-08-18 18:18:32,21.0,25.0,-25.0,25.0,43.30127018922193,3.0,20.0,11.751009398950123,10.57590845905511,extreme_acceleration,1
zRYzhAEAHAABAAAKCRtcAAsAtwB1gBAQ,2020-08-18 22:17:00,33.0,0.20000002,-9.800001,8.75,13.13935004511262,0.0,0.0,0.0,0.0,normal,0
zRYzhAEAHAABAAAKCRtcAAsAtwB1gBAQ,2020-08-18 18:16:40,30.0,2.1,-8.4000025,-2.75,9.084742263818288,-2.0,1.2596215887103952,5000.0,300.0,gps_jump,1
zRYzhAEAHAABAAAKCRtcAAsAtwB1gBAQ,2020-08-18 18:30:07,250.0,0.80000025,-9.800003,2.5,10.14544524404962,200.0,0.4759017243163317,50.624277280011945,250.0,extreme_speed,1
zRYzhAEAHAABAAAKCRtcAAsAtwB1gBAQ,2020-08-18 18:28:02,180.0,0.4999998,-8.000004,4.0,8.958239994553397,150.0,0.9768518746825157,74.48651672120121,38.307351456617766,speed_jump,1
zRYzhAEAHAABAAAKCRtcAAsAtwB1gBAQ,2020-08-18 20:40:47,11.0,-0.9,-8.4,7.25,11.132497473613007,0.0,0.0,16.299519093553304,58.67826873679189,normal,0
zRYzhAEAHAABAAAKCRtcAAsAtwB1gBAQ,2020-08-18 18:26:50,42.0,0.7999998,-8.800004,2.75,9.254327100336146,-20.0,-1.482179759905506,1034.7329888582892,177.38279808999246,normal,0
zRYzhAEAHAABAAAKCRtcAAsAtwB1gBAQ,2020-08-18 20:31:46,0.0,0.4,-8.8,3.5,9.478923989567592,0.0,0.08943518559109442,0.0,0.0,normal,0
zRYzhAEAHAABAAAKCRtcAAsAtwB1gBAQ,2020-08-18 20:48:54,250.0,0.79999983,-9.8,3.25,10.35579546572836,200.0,0.6872898928903304,0.0,250.0,extreme_speed,1
zRYzhAEAHAABAAAKCRtcAAsAtwB1gBAQ,2020-08-18 18:38:03,100.0,2.2999997,-8.200001,3.25,9.115509586413756,-13.0,-1.3688843455215078,2.0,2.0,gps_speed_mismatch,1
zRYzhAEAHAABAAAKCRtcAAsAtwB1gBAQ,2020-08-18 20:38:50,0.0,0.4000001,-9.0,3.5,9.664884897400485,0.0,0.0772626712173956,0.0,0.0,normal,0
zRYzhAEAHAABAAAKCRtcAAsAtwB1gBAQ,2020-08-18 18:22:07,2.0,0.39999992,-8.4000025,5.0,9.78366199007336,0.0,0.6174172726328404,0.0,0.0,normal,0
zRYzhAEAHAABAAAKCRtcAAsAtwB1gBAQ,2020-08-18 18:30:07,180.0,0.80000025,-9.800003,2.5,10.14544524404962,150.0,0.4759017243163317,50.624277280011945,36.449479641608605,speed_jump,1
zRYzhAEAHAABAAAKCRtcAAsAtwB1gBAQ,2020-08-18 18:30:43,18.0,25.0,-25.0,25.0,43.30127018922193,12.0,20.0,32.08865058532952,10.501740191562389,extreme_acceleration,1
zRYzhAEAHAABAAAKCRtcAAsAtwB1gBAQ,2020-08-18 18:22:22,42.0,-1.0999999,-7.000003,9.0,11.4546951849453,9.0,3.5876732884455977,30.536445409879892,21.986240695113523,normal,0
zRYzhAEAHAABAAAKCRtcAAsAtwB1gBAQ,2020-08-18 18:22:47,40.0,-0.9,-8.800003,5.0,10.161203314569049,-6.0,2.9771903774976645,88.7428285344255,63.89483654478636,normal,0
zRYzhAEAHAABAAAKCRtcAAsAtwB1gBAQ,2020-08-18 18:33:23,9.0,0.8,-8.400001,3.0,8.955446208872063,6.0,-0.6795161715422999,0.0,0.0,normal,0
zRYzhAEAHAABAAAKCRtcAAsAtwB1gBAQ,2020-08-18 22:17:40,50.0,0.90000004,-9.600001,4.0,10.43887059369935,3.0,0.026857383949709046,5000.0,300.0,gps_jump,1
zRYzhAEAHAABAAAKCRtcAAsAtwB1gBAQ,2020-08-18 20:33:46,0.0,0.4,-8.8,3.5,9.478923989567592,0.0,0.0,0.0,0.0,normal,0
zRYzhAEAHAABAAAKCRtcAAsAtwB1gBAQ,2020-08-18 20:47:25,1.0,0.10000001,-9.0,4.0,9.849365461896518,1.0,0.8320210634608021,0.0,0.0,normal,0
zRYzhAEAHAABAAAKCRtcAAsAtwB1gBAQ,2020-08-18 20:48:44,16.0,-0.100000195,-8.0,3.75,8.83586441945552,-5.0,-2.659460717312035,17.329532274867592,12.477263237904666,normal,0
zRYzhAEAHAABAAAKCRtcAAsAtwB1gBAQ,2020-08-18 22:16:26,180.0,0.7,-7.200001,3.5,8.036169137095175,150.0,-1.7010027521137765,212.70207609615818,85.08083043846328,speed_jump,1
zRYzhAEAHAABAAAKCRtcAAsAtwB1gBAQ,2020-08-18 22:16:05,100.0,0.8,-8.400001,3.0,8.955446208872063,0.0,0.021800995410707458,2.0,2.0,gps_speed_mismatch,1
zRYzhAEAHAABAAAKCRtcAAsAtwB1gBAQ,2020-08-18 20:40:21,8.0,0.80000013,-8.4,4.25,9.447883371845782,-6.0,0.20883482775851725,10.275837335234815,7.398602881369066,normal,0
zRYzhAEAHAABAAAKCRtcAAsAtwB1gBAQ,2020-08-18 18:34:40,250.0,-0.100000024,-9.4,3.5,10.030952098619553,200.0,0.4360315663795902,136.62510560986084,250.0,extreme_speed,1
zRYzhAEAHAABAAAKCRtcAAsAtwB1gBAQ,2020-08-18 22:20:08,180.0,1.6,-5.200002,5.25,7.560589976979574,150.0,-3.7323297163505798,24.881909654497527,17.914974951238218,speed_jump,1
zRYzhAEAHAABAAAKCRtcAAsAtwB1gBAQ,2020-08-18 22:18:55,13.0,-0.49999988,-6.0000014,9.75,11.45916736416752,0.0,1.408668209398936,23.059873115361533,16.603108643060306,normal,0
zRYzhAEAHAABAAAKCRtcAAsAtwB1gBAQ,2020-08-18 20:40:51,250.0,-0.19999975,-8.4,4.75,9.652072311167176,200.0,-1.4804251624458313,0.0,250.0,extreme_speed,1
zRYzhAEAHAABAAAKCRtcAAsAtwB1gBAQ,2020-08-18 19:45:37,100.0,0.4,-8.6,3.25,9.202309492730615,0.0,-0.0912366550000776,2.0,2.0,gps_speed_mismatch,1
zRYzhAEAHAABAAAKCRtcAAsAtwB1gBAQ,2020-08-18 18:15:44,180.0,-0.8000002,-9.400002,3.5,10.062307783009027,150.0,-0.18708333724787352,24.7891460302988,17.848185141815136,speed_jump,1
zRYzhAEAHAABAAAKCRtcAAsAtwB1gBAQ,2020-08-18 18:32:30,1.0,0.29999986,-8.200005,3.25,8.825677419667288,0.0,0.0028330869123980307,0.0,0.0,normal,0
zRYzhAEAHAABAAAKCRtcAAsAtwB1gBAQ,2020-08-18 20:34:42,0.0,0.5,-8.8,3.25,9.394280174659473,0.0,-0.08464381490811945,0.0,0.0,normal,0
zRYzhAEAHAABAAAKCRtcAAsAtwB1gBAQ,2020-08-18 18:31:08,100.0,1.8999999,-9.200003,2.0,9.604689209964528,-9.0,-0.6928871456647911,2.0,2.0,gps_speed_mismatch,1
zRYzhAEAHAABAAAKCRtcAAsAtwB1gBAQ,2020-08-18 18:18:49,19.0,25.0,-25.0,25.0,43.30127018922193,1.0,20.0,37.420998991561476,26.94311927392426,extreme_acceleration,1
zRYzhAEAHAABAAAKCRtcAAsAtwB1gBAQ,2020-08-18 18:31:33,1.0,0.40000027,-8.600003,4.0,9.493158158168916,0.0,0.2805273151352061,0.0,0.0,normal,0
zRYzhAEAHAABAAAKCRtcAAsAtwB1gBAQ,2020-08-18 19:47:34,0.0,25.0,-25.0,25.0,43.30127018922193,0.0,20.0,0.0,0.0,extreme_acceleration,1
zRYzhAEAHAABAAAKCRtcAAsAtwB1gBAQ,2020-08-18 20:47:30,1.0,0.099999994,-9.0,3.5,9.657121724344163,0.0,-0.1922437375523547,0.0,0.0,normal,0
zRYzhAEAHAABAAAKCRtcAAsAtwB1gBAQ,2020-08-18 18:24:43,49.0,25.0,-25.0,25.0,43.30127018922193,3.0,20.0,41.77695570381962,30.079408106750126,extreme_acceleration,1
zRYzhAEAHAABAAAKCRtcAAsAtwB1gBAQ,2020-08-18 18:29:20,21.0,1.9000002,-8.800003,4.5,10.064792772829902,8.0,2.9815345098540273,30.20085907842159,21.744618536463545,normal,0
zRYzhAEAHAABAAAKCRtcAAsAtwB1gBAQ,2020-08-18 18:40:04,1.0,-0.100000285,-8.599999,4.25,9.5933561831614,0.0,0.2998100388739573,0.0,0.0,normal,0
zRYzhAEAHAABAAAKCRtcAAsAtwB1gBAQ,2020-08-18 18:38:18,5.0,0.5999999,-8.8,4.0,9.68504000404748,4.0,0.37268173430715024,0.0,0.0,normal,0
